molecule,hess_file,source_id,source_title,doi_or_url,source_type,phase_state,method_basis,observed_ir_cm1,observed_raman_cm1,calculated_cm1,assignment_original,assignment_normalized,mode_family,functional_group,confidence,notes
water,H2O_freq.hess,nist_webbook_water_shimanouchi,"NIST Chemistry WebBook: Water / Shimanouchi vibrational levels","https://webbook.nist.gov/cgi/cbook.cgi?ID=C7732185&Mask=800","trusted database; compiled vibrational levels",gas,"experimental/compiled; no method/basis",3657,,,"Sym str","O-H symmetric stretch",stretch,O-H,gold,"Simple water sanity-check; no PED."
water,H2O_freq.hess,nist_webbook_water_shimanouchi,"NIST Chemistry WebBook: Water / Shimanouchi vibrational levels","https://webbook.nist.gov/cgi/cbook.cgi?ID=C7732185&Mask=800","trusted database; compiled vibrational levels",gas,"experimental/compiled; no method/basis",1595,,,"Bend","H-O-H bend",bend,H-O-H,gold,"Simple water sanity-check; no PED."
water,H2O_freq.hess,nist_webbook_water_shimanouchi,"NIST Chemistry WebBook: Water / Shimanouchi vibrational levels","https://webbook.nist.gov/cgi/cbook.cgi?ID=C7732185&Mask=800","trusted database; compiled vibrational levels",gas,"experimental/compiled; no method/basis",3756,,,"Anti str","O-H asymmetric stretch",stretch,O-H,gold,"NIST labels this anti str; normalized as asymmetric O-H stretch."
ammonia,NH3.hess,nist_webbook_ammonia_shimanouchi,"NIST Chemistry WebBook: Ammonia / Shimanouchi vibrational levels","https://webbook.nist.gov/cgi/cbook.cgi?ID=C7664417&Mask=800","trusted database; compiled vibrational levels",gas,"experimental/compiled; no method/basis",3337,,,"Sym str","N-H symmetric stretch",stretch,N-H,gold,"NIST also lists inversion-split levels 3336.2 and 3337.2 cm-1."
ammonia,NH3.hess,nist_webbook_ammonia_shimanouchi,"NIST Chemistry WebBook: Ammonia / Shimanouchi vibrational levels","https://webbook.nist.gov/cgi/cbook.cgi?ID=C7664417&Mask=800","trusted database; compiled vibrational levels",gas,"experimental/compiled; no method/basis",950,,,"Sym deform","NH3 umbrella","bend/deformation",NH3,gold,"NIST lists symmetric and antisymmetric inversion levels at 932.5 and 968.3 cm-1."
ammonia,NH3.hess,nist_webbook_ammonia_shimanouchi,"NIST Chemistry WebBook: Ammonia / Shimanouchi vibrational levels","https://webbook.nist.gov/cgi/cbook.cgi?ID=C7664417&Mask=800","trusted database; compiled vibrational levels",gas,"experimental/compiled; no method/basis",3444,,,"Deg str","N-H asymmetric stretch",stretch,N-H,gold,"NIST lists e symmetry degenerate stretch."
ammonia,NH3.hess,nist_webbook_ammonia_shimanouchi,"NIST Chemistry WebBook: Ammonia / Shimanouchi vibrational levels","https://webbook.nist.gov/cgi/cbook.cgi?ID=C7664417&Mask=800","trusted database; compiled vibrational levels",gas,"experimental/compiled; no method/basis",1627,,,"Deg deform","N-H bend","bend/deformation",NH3,gold,"NIST lists e symmetry degenerate deformation."
acetaldehyde,acetaldehyde.hess,nist_webbook_acetaldehyde_shimanouchi,"NIST Chemistry WebBook: Acetaldehyde / Shimanouchi vibrational levels","https://webbook.nist.gov/cgi/cbook.cgi?ID=C75070&Mask=800","trusted database; compiled vibrational levels","gas; liquid","experimental/compiled; no method/basis","3005 gas; 3001 liquid",,,"CH3 d-str","C-H stretch",stretch,CH3,gold,"Original NIST wording retained; d-str interpreted only as CH3 stretching family."
acetaldehyde,acetaldehyde.hess,nist_webbook_acetaldehyde_shimanouchi,"NIST Chemistry WebBook: Acetaldehyde / Shimanouchi vibrational levels","https://webbook.nist.gov/cgi/cbook.cgi?ID=C75070&Mask=800","trusted database; compiled vibrational levels",liquid,"experimental/compiled; no method/basis","2917 liquid",,,"CH3 s-str","C-H stretch",stretch,CH3,gold,"NIST reports uncertainty code D for this fundamental."
acetaldehyde,acetaldehyde.hess,nist_webbook_acetaldehyde_shimanouchi,"NIST Chemistry WebBook: Acetaldehyde / Shimanouchi vibrational levels","https://webbook.nist.gov/cgi/cbook.cgi?ID=C75070&Mask=800","trusted database; compiled vibrational levels","gas; liquid","experimental/compiled; no method/basis","2822 gas; 2843 liquid",,,"CH str","C-H stretch",stretch,"aldehyde C-H",gold,"Aldehydic C-H stretch label preserved as CH str."
acetaldehyde,acetaldehyde.hess,nist_webbook_acetaldehyde_shimanouchi,"NIST Chemistry WebBook: Acetaldehyde / Shimanouchi vibrational levels","https://webbook.nist.gov/cgi/cbook.cgi?ID=C75070&Mask=800","trusted database; compiled vibrational levels","gas; liquid","experimental/compiled; no method/basis","1743 gas; 1714 liquid",,,"CO str","C=O stretch",stretch,carbonyl,gold,"NIST marks gas value very strong; liquid value shifted lower."
acetaldehyde,acetaldehyde.hess,nist_webbook_acetaldehyde_shimanouchi,"NIST Chemistry WebBook: Acetaldehyde / Shimanouchi vibrational levels","https://webbook.nist.gov/cgi/cbook.cgi?ID=C75070&Mask=800","trusted database; compiled vibrational levels","gas; liquid","experimental/compiled; no method/basis","1441 gas; 1426 liquid",,,"CH3 d-deform","C-H bend",deformation,CH3,gold,"Methyl deformation; do not force into a single bend subtype unless ORCAVEDA has that taxonomy."
acetaldehyde,acetaldehyde.hess,nist_webbook_acetaldehyde_shimanouchi,"NIST Chemistry WebBook: Acetaldehyde / Shimanouchi vibrational levels","https://webbook.nist.gov/cgi/cbook.cgi?ID=C75070&Mask=800","trusted database; compiled vibrational levels","gas; liquid","experimental/compiled; no method/basis","1400 gas; 1391 liquid",,,"CH bend","C-H bend",bend,"aldehyde C-H",gold,"Original assignment is generic CH bend."
acetaldehyde,acetaldehyde.hess,nist_webbook_acetaldehyde_shimanouchi,"NIST Chemistry WebBook: Acetaldehyde / Shimanouchi vibrational levels","https://webbook.nist.gov/cgi/cbook.cgi?ID=C75070&Mask=800","trusted database; compiled vibrational levels","gas; liquid","experimental/compiled; no method/basis","1352 gas; 1342 liquid",,,"CH3 s-deform","C-H bend",deformation,CH3,gold,"Symmetric CH3 deformation."
acetaldehyde,acetaldehyde.hess,nist_webbook_acetaldehyde_shimanouchi,"NIST Chemistry WebBook: Acetaldehyde / Shimanouchi vibrational levels","https://webbook.nist.gov/cgi/cbook.cgi?ID=C75070&Mask=800","trusted database; compiled vibrational levels","gas; liquid","experimental/compiled; no method/basis","1113 gas; 1109 liquid",,,"CC str","C-C stretch",stretch,C-C,gold,"Useful for checking non-carbonyl backbone stretch labels."
benzene,benzene.hess,nist_webbook_benzene_shimanouchi,"NIST Chemistry WebBook: Benzene / Shimanouchi vibrational levels","https://webbook.nist.gov/cgi/cbook.cgi?ID=C71432&Mask=800","trusted database; compiled vibrational levels","liquid Raman; IR inactive","experimental/compiled; no method/basis",,3061.9,,"CH str","aromatic C-H stretch",stretch,"aromatic C-H",gold,"Symmetry a1g; selected value 3062 cm-1."
benzene,benzene.hess,nist_webbook_benzene_shimanouchi,"NIST Chemistry WebBook: Benzene / Shimanouchi vibrational levels","https://webbook.nist.gov/cgi/cbook.cgi?ID=C71432&Mask=800","trusted database; compiled vibrational levels","liquid Raman; IR inactive","experimental/compiled; no method/basis",,991.6,,"Ring str","ring breathing",stretch,"aromatic ring",gold,"Symmetry a1g; selected value 992 cm-1; useful ring-breathing benchmark."
benzene,benzene.hess,nist_webbook_benzene_shimanouchi,"NIST Chemistry WebBook: Benzene / Shimanouchi vibrational levels","https://webbook.nist.gov/cgi/cbook.cgi?ID=C71432&Mask=800","trusted database; compiled vibrational levels","gas IR; Raman inactive","experimental/compiled; no method/basis",673,,,"CH bend","aromatic C-H out-of-plane bend",bend,"aromatic C-H",gold,"Symmetry a2u; selected value 673 cm-1."
benzene,benzene.hess,nist_webbook_benzene_shimanouchi,"NIST Chemistry WebBook: Benzene / Shimanouchi vibrational levels","https://webbook.nist.gov/cgi/cbook.cgi?ID=C71432&Mask=800","trusted database; compiled vibrational levels","solution IR; Raman inactive","experimental/compiled; no method/basis",1010,,,"Ring deform","ring deformation",deformation,"aromatic ring",gold,"Symmetry b1u; selected value 1010 cm-1."
benzene,benzene.hess,nist_webbook_benzene_shimanouchi,"NIST Chemistry WebBook: Benzene / Shimanouchi vibrational levels","https://webbook.nist.gov/cgi/cbook.cgi?ID=C71432&Mask=800","trusted database; compiled vibrational levels","liquid IR; Raman inactive","experimental/compiled; no method/basis",1310,,,"Ring str","aromatic ring stretch",stretch,"aromatic ring",gold,"Symmetry b2u; selected value 1310 cm-1."
benzene,benzene.hess,nist_webbook_benzene_shimanouchi,"NIST Chemistry WebBook: Benzene / Shimanouchi vibrational levels","https://webbook.nist.gov/cgi/cbook.cgi?ID=C71432&Mask=800","trusted database; compiled vibrational levels","gas IR; Raman inactive","experimental/compiled; no method/basis",1486,,,"Ring str + deform","mixed mode","mixed stretch/deformation","aromatic ring",gold,"Symmetry e1u; selected value 1486 cm-1."
benzene,benzene.hess,nist_webbook_benzene_shimanouchi,"NIST Chemistry WebBook: Benzene / Shimanouchi vibrational levels","https://webbook.nist.gov/cgi/cbook.cgi?ID=C71432&Mask=800","trusted database; compiled vibrational levels","gas IR; Raman inactive","experimental/compiled; no method/basis",1038,,,"CH bend","aromatic C-H in-plane bend",bend,"aromatic C-H",gold,"Symmetry e1u; selected value 1038 cm-1."
benzene,benzene.hess,nist_webbook_benzene_shimanouchi,"NIST Chemistry WebBook: Benzene / Shimanouchi vibrational levels","https://webbook.nist.gov/cgi/cbook.cgi?ID=C71432&Mask=800","trusted database; compiled vibrational levels","liquid Raman; IR inactive","experimental/compiled; no method/basis",,1606.4,,"Ring str","aromatic ring stretch",stretch,"aromatic ring",gold,"Symmetry e2g; Fermi-resonance note in source."
benzene,benzene.hess,nist_webbook_benzene_shimanouchi,"NIST Chemistry WebBook: Benzene / Shimanouchi vibrational levels","https://webbook.nist.gov/cgi/cbook.cgi?ID=C71432&Mask=800","trusted database; compiled vibrational levels","liquid Raman; IR inactive","experimental/compiled; no method/basis",,1178.0,,"CH bend","aromatic C-H in-plane bend",bend,"aromatic C-H",gold,"Symmetry e2g; selected value 1178 cm-1."
benzene,benzene.hess,nist_webbook_benzene_shimanouchi,"NIST Chemistry WebBook: Benzene / Shimanouchi vibrational levels","https://webbook.nist.gov/cgi/cbook.cgi?ID=C71432&Mask=800","trusted database; compiled vibrational levels","liquid Raman; IR inactive","experimental/compiled; no method/basis",,605.6,,"Ring deform","ring deformation",deformation,"aromatic ring",gold,"Symmetry e2g; selected value 606 cm-1."
benzoic acid,benzoic_acid.hess,bakker_2003_benzoic_acid,"The infrared absorption spectrum of the gas phase neutral benzoic acid monomer and dimer","10.1063/1.1622657","peer-reviewed article","jet-cooled gas-phase monomer; IR ion-dip spectroscopy","B3LYP/D95(d,p), Gaussian 98; scaled by 0.98",571,,583,"Out-of-plane C-O-H bend","carboxylic acid O-H bend","out-of-plane bend","carboxylic acid O-H",gold,"Matrix isolation ref. 24 value: 568 cm-1."
benzoic acid,benzoic_acid.hess,bakker_2003_benzoic_acid,"The infrared absorption spectrum of the gas phase neutral benzoic acid monomer and dimer","10.1063/1.1622657","peer-reviewed article","jet-cooled gas-phase monomer; IR ion-dip spectroscopy","B3LYP/D95(d,p), Gaussian 98; scaled by 0.98",631,,617,"In-plane ring C-C-C bend","aromatic ring bend","in-plane bend","aromatic ring",gold,"Matrix isolation ref. 24 value: 628 cm-1."
benzoic acid,benzoic_acid.hess,bakker_2003_benzoic_acid,"The infrared absorption spectrum of the gas phase neutral benzoic acid monomer and dimer","10.1063/1.1622657","peer-reviewed article","jet-cooled gas-phase monomer; IR ion-dip spectroscopy","B3LYP/D95(d,p), Gaussian 98; scaled by 0.98",688,,685,"Out-of-plane ring C-C-H bend","aromatic C-H out-of-plane bend","out-of-plane bend","aromatic C-H",gold,"Matrix isolation ref. 24 value: 687 cm-1."
benzoic acid,benzoic_acid.hess,bakker_2003_benzoic_acid,"The infrared absorption spectrum of the gas phase neutral benzoic acid monomer and dimer","10.1063/1.1622657","peer-reviewed article","jet-cooled gas-phase monomer; IR ion-dip spectroscopy","B3LYP/D95(d,p), Gaussian 98; scaled by 0.98",710,,711,"Out-of-plane ring C-C-H bend (umbrella mode)","aromatic C-H out-of-plane bend","out-of-plane bend / umbrella","aromatic C-H",gold,"Matrix isolation ref. 24 value: 711 cm-1."
benzoic acid,benzoic_acid.hess,bakker_2003_benzoic_acid,"The infrared absorption spectrum of the gas phase neutral benzoic acid monomer and dimer","10.1063/1.1622657","peer-reviewed article","jet-cooled gas-phase monomer; IR ion-dip spectroscopy","B3LYP/D95(d,p), Gaussian 98; scaled by 0.98",767,,755,"In-plane C-O-H bend, ring deformation","mixed mode","mixed bend/deformation","carboxylic acid O-H; aromatic ring",gold,"Matrix isolation ref. 24 value: 767 cm-1."
benzoic acid,benzoic_acid.hess,bakker_2003_benzoic_acid,"The infrared absorption spectrum of the gas phase neutral benzoic acid monomer and dimer","10.1063/1.1622657","peer-reviewed article","jet-cooled gas-phase monomer; IR ion-dip spectroscopy","B3LYP/D95(d,p), Gaussian 98; scaled by 0.98",1026,,1018,"In-plane ring C-C-H bend","aromatic C-H in-plane bend","in-plane bend","aromatic C-H",gold,"Matrix isolation ref. 24 value: 1027 cm-1."
benzoic acid,benzoic_acid.hess,bakker_2003_benzoic_acid,"The infrared absorption spectrum of the gas phase neutral benzoic acid monomer and dimer","10.1063/1.1622657","peer-reviewed article","jet-cooled gas-phase monomer; IR ion-dip spectroscopy","B3LYP/D95(d,p), Gaussian 98; scaled by 0.98",1063,,1068,"In-plane ring C-C-H bend","aromatic C-H in-plane bend","in-plane bend","aromatic C-H",gold,"Matrix isolation ref. 24 value: 1066 cm-1."
benzoic acid,benzoic_acid.hess,bakker_2003_benzoic_acid,"The infrared absorption spectrum of the gas phase neutral benzoic acid monomer and dimer","10.1063/1.1622657","peer-reviewed article","jet-cooled gas-phase monomer; IR ion-dip spectroscopy","B3LYP/D95(d,p), Gaussian 98; scaled by 0.98",1084,,1094,"In-plane ring C-C-H bend","aromatic C-H in-plane bend","in-plane bend","aromatic C-H",gold,"Matrix isolation ref. 24 value: 1086 cm-1."
benzoic acid,benzoic_acid.hess,bakker_2003_benzoic_acid,"The infrared absorption spectrum of the gas phase neutral benzoic acid monomer and dimer","10.1063/1.1622657","peer-reviewed article","jet-cooled gas-phase monomer; IR ion-dip spectroscopy","B3LYP/D95(d,p), Gaussian 98; scaled by 0.98",1173,,1162,"C-C-H bend, C-O-H bend, both in-plane","mixed mode","mixed in-plane bend","aromatic C-H; carboxylic acid O-H",gold,"Matrix isolation ref. 24 value: 1169 cm-1."
benzoic acid,benzoic_acid.hess,bakker_2003_benzoic_acid,"The infrared absorption spectrum of the gas phase neutral benzoic acid monomer and dimer","10.1063/1.1622657","peer-reviewed article","jet-cooled gas-phase monomer; IR ion-dip spectroscopy","B3LYP/D95(d,p), Gaussian 98; scaled by 0.98",1187,,1183,"C-C-H bend, C-O-H bend, both in-plane","mixed mode","mixed in-plane bend","aromatic C-H; carboxylic acid O-H",gold,"Matrix isolation ref. 24 value: 1185 cm-1."
benzoic acid,benzoic_acid.hess,bakker_2003_benzoic_acid,"The infrared absorption spectrum of the gas phase neutral benzoic acid monomer and dimer","10.1063/1.1622657","peer-reviewed article","jet-cooled gas-phase monomer; IR ion-dip spectroscopy","B3LYP/D95(d,p), Gaussian 98; scaled by 0.98",1347,,1353,"C-C-H bend, C-O-H bend, both in-plane","mixed mode","mixed in-plane bend","aromatic C-H; carboxylic acid O-H",gold,"Matrix isolation ref. 24 value: 1347 cm-1."
benzoic acid,benzoic_acid.hess,bakker_2003_benzoic_acid,"The infrared absorption spectrum of the gas phase neutral benzoic acid monomer and dimer","10.1063/1.1622657","peer-reviewed article","jet-cooled gas-phase monomer; IR ion-dip spectroscopy","B3LYP/D95(d,p), Gaussian 98; scaled by 0.98",1455,,1444,"C-C stretch, ring deformation","mixed mode","mixed stretch/deformation","aromatic ring",gold,"Matrix-isolation reference value also listed as 1456 cm-1."
benzoic acid,benzoic_acid.hess,bakker_2003_benzoic_acid,"The infrared absorption spectrum of the gas phase neutral benzoic acid monomer and dimer","10.1063/1.1622657","peer-reviewed article","jet-cooled gas-phase monomer; IR ion-dip spectroscopy","B3LYP/D95(d,p), Gaussian 98; scaled by 0.98",1591,,1595,"C-C stretch, ring deformation","mixed mode","mixed stretch/deformation","aromatic ring",gold,"Matrix-isolation reference value also listed as 1590 cm-1."
benzoic acid,benzoic_acid.hess,bakker_2003_benzoic_acid,"The infrared absorption spectrum of the gas phase neutral benzoic acid monomer and dimer","10.1063/1.1622657","peer-reviewed article","jet-cooled gas-phase monomer; IR ion-dip spectroscopy","B3LYP/D95(d,p), Gaussian 98; scaled by 0.98",1609,,1615,"C-C stretch, ring deformation","mixed mode","mixed stretch/deformation","aromatic ring",gold,"Matrix isolation ref. 24 value: 1606 cm-1."
benzoic acid,benzoic_acid.hess,bakker_2003_benzoic_acid,"The infrared absorption spectrum of the gas phase neutral benzoic acid monomer and dimer","10.1063/1.1622657","peer-reviewed article","jet-cooled gas-phase monomer; IR ion-dip spectroscopy","B3LYP/D95(d,p), Gaussian 98; scaled by 0.98",1752,,1767,"C=O stretch, C-O-H bend","mixed mode","carbonyl stretch / bend","carboxylic acid C=O; carboxylic acid O-H",gold,"Matrix isolation ref. 24 value: 1752 cm-1; text states this is readily assigned to the C=O stretching vibration."
acetophenone,acetophenone.hess,attia_2020_acetophenone_pt111,"Coverage-Dependent Adsorption Geometry of Acetophenone on Pt(111)","10.1021/acs.jpcc.9b09228","peer-reviewed article; IRAS plus MP2 assignment table","multilayer acetophenone on Pt(111); 115 K and 156 K","MP2/aug-cc-pVQZ scaled by 0.975","1683; 1683",,1683,"nu(C=O)","aryl ketone C=O stretch",stretch,"aryl ketone carbonyl",gold,"Gas-phase NIST value in source: 1708 cm-1; multilayer C=O is lower than gas phase."
acetophenone,acetophenone.hess,attia_2020_acetophenone_pt111,"Coverage-Dependent Adsorption Geometry of Acetophenone on Pt(111)","10.1021/acs.jpcc.9b09228","peer-reviewed article; IRAS plus MP2 assignment table","multilayer acetophenone on Pt(111); 115 K and 156 K","MP2/aug-cc-pVQZ scaled by 0.975","1598; 1598",,1602,"nu_ip(CC) ring","aromatic ring stretch",stretch,"aromatic ring",gold,"Gas-phase NIST value in source: 1598 cm-1."
acetophenone,acetophenone.hess,attia_2020_acetophenone_pt111,"Coverage-Dependent Adsorption Geometry of Acetophenone on Pt(111)","10.1021/acs.jpcc.9b09228","peer-reviewed article; IRAS plus MP2 assignment table","multilayer acetophenone on Pt(111); 115 K and 156 K","MP2/aug-cc-pVQZ scaled by 0.975","1583; 1583",,1585,"nu_ip(CC) ring","aromatic ring stretch",stretch,"aromatic ring",gold,"Gas-phase NIST value not reported in source."
acetophenone,acetophenone.hess,attia_2020_acetophenone_pt111,"Coverage-Dependent Adsorption Geometry of Acetophenone on Pt(111)","10.1021/acs.jpcc.9b09228","peer-reviewed article; IRAS plus MP2 assignment table","multilayer acetophenone on Pt(111); 115 K and 156 K","MP2/aug-cc-pVQZ scaled by 0.975","1450; 1455",,1445,"nu_ip(CC) ring","aromatic ring stretch",stretch,"aromatic ring",gold,"Gas-phase NIST value in source: 1446 cm-1."
acetophenone,acetophenone.hess,attia_2020_acetophenone_pt111,"Coverage-Dependent Adsorption Geometry of Acetophenone on Pt(111)","10.1021/acs.jpcc.9b09228","peer-reviewed article; IRAS plus MP2 assignment table","multilayer acetophenone on Pt(111); 115 K and 156 K","MP2/aug-cc-pVQZ scaled by 0.975","1431; 1434",,1429,"delta_as(CH3)","CH3 asymmetric deformation",deformation,methyl,gold,"Gas-phase NIST value not reported in source."
acetophenone,acetophenone.hess,attia_2020_acetophenone_pt111,"Coverage-Dependent Adsorption Geometry of Acetophenone on Pt(111)","10.1021/acs.jpcc.9b09228","peer-reviewed article; IRAS plus MP2 assignment table","multilayer acetophenone on Pt(111); 115 K and 156 K","MP2/aug-cc-pVQZ scaled by 0.975","1362; 1362",,1355,"delta_s(CH3)","CH3 symmetric deformation",deformation,methyl,gold,"Gas-phase NIST value in source: 1366 cm-1."
acetophenone,acetophenone.hess,attia_2020_acetophenone_pt111,"Coverage-Dependent Adsorption Geometry of Acetophenone on Pt(111)","10.1021/acs.jpcc.9b09228","peer-reviewed article; IRAS plus MP2 assignment table","multilayer acetophenone on Pt(111); 115 K and 156 K","MP2/aug-cc-pVQZ scaled by 0.975","1276; 1271",,1267,"nu_ip(CC) ring-acetyl","mixed mode","mixed stretch","aromatic ring; acetyl substituent",gold,"Gas-phase NIST value in source: 1263 cm-1; 13C-carbonyl labeling shifts this band by 26 cm-1."
acetophenone,acetophenone.hess,attia_2020_acetophenone_pt111,"Coverage-Dependent Adsorption Geometry of Acetophenone on Pt(111)","10.1021/acs.jpcc.9b09228","peer-reviewed article; IRAS plus MP2 assignment table","multilayer acetophenone on Pt(111); 115 K and 156 K","MP2/aug-cc-pVQZ scaled by 0.975","1167; 1167",,1168,"delta_ip(CH) ring","aromatic C-H in-plane bend","in-plane bend","aromatic C-H",gold,"Gas-phase NIST value in source: 1182 cm-1."
acetophenone,acetophenone.hess,attia_2020_acetophenone_pt111,"Coverage-Dependent Adsorption Geometry of Acetophenone on Pt(111)","10.1021/acs.jpcc.9b09228","peer-reviewed article; IRAS plus MP2 assignment table","multilayer acetophenone on Pt(111); 115 K and 156 K","MP2/aug-cc-pVQZ scaled by 0.975","1024; 1024",,1022,"delta_ip(CH) ring + rho(CH3)","mixed mode","mixed bend/rock","aromatic C-H; methyl",gold,"Gas-phase NIST value in source: 1024 cm-1."
acetophenone,acetophenone.hess,attia_2020_acetophenone_pt111,"Coverage-Dependent Adsorption Geometry of Acetophenone on Pt(111)","10.1021/acs.jpcc.9b09228","peer-reviewed article; IRAS plus MP2 assignment table","multilayer acetophenone on Pt(111); 115 K","MP2/aug-cc-pVQZ scaled by 0.975",768,,750,"delta_oop(CH) ring","aromatic C-H out-of-plane bend","out-of-plane bend","aromatic C-H",gold,"Gas-phase NIST value in source: 757 cm-1."
pyridine,pyridine.hess,wong_colson_1984_pyridine,"The FT-IR spectra of pyridine and pyridine-d5","10.1016/0022-2852(84)90250-9","peer-reviewed article; high-resolution gas-phase FT-IR vibrational analysis","pyridine vapor; room-temperature equilibrium vapor pressure","FT-IR; Nicolet FT-IR 7000; 0.06 cm-1 resolution; 400-4000 cm-1; path length up to 10 m",3094.2,,,"nu2 (a1); C-H stretching fundamental","aromatic C-H stretch",stretch,"aromatic C-H",gold,"One of five C-H stretching fundamentals resolved by the authors."
pyridine,pyridine.hess,wong_colson_1984_pyridine,"The FT-IR spectra of pyridine and pyridine-d5","10.1016/0022-2852(84)90250-9","peer-reviewed article; high-resolution gas-phase FT-IR vibrational analysis","pyridine vapor; room-temperature equilibrium vapor pressure","FT-IR; Nicolet FT-IR 7000; 0.06 cm-1 resolution; 400-4000 cm-1; path length up to 10 m",3072.8,,,"nu13 (a1); C-H stretching fundamental","aromatic C-H stretch",stretch,"aromatic C-H",gold,"Authors say this assignment is made with less certainty than the b2 C-H stretches, but still assign it as an a1 fundamental."
pyridine,pyridine.hess,wong_colson_1984_pyridine,"The FT-IR spectra of pyridine and pyridine-d5","10.1016/0022-2852(84)90250-9","peer-reviewed article; high-resolution gas-phase FT-IR vibrational analysis","pyridine vapor; room-temperature equilibrium vapor pressure","FT-IR; Nicolet FT-IR 7000; 0.06 cm-1 resolution; 400-4000 cm-1; path length up to 10 m",3030.1,,,"nu20a (a1); C-H stretching fundamental","aromatic C-H stretch",stretch,"aromatic C-H",gold,"Assigned to the remaining a1 C-H stretching fundamental."
pyridine,pyridine.hess,wong_colson_1984_pyridine,"The FT-IR spectra of pyridine and pyridine-d5","10.1016/0022-2852(84)90250-9","peer-reviewed article; high-resolution gas-phase FT-IR vibrational analysis","pyridine vapor; room-temperature equilibrium vapor pressure","FT-IR; Nicolet FT-IR 7000; 0.06 cm-1 resolution; 400-4000 cm-1; path length up to 10 m",3086.9,,,"nu20b (b2); C-H stretching fundamental","aromatic C-H stretch",stretch,"aromatic C-H",gold,"Authors describe a typical type-B contour and assign the band to a b2 fundamental."
pyridine,pyridine.hess,wong_colson_1984_pyridine,"The FT-IR spectra of pyridine and pyridine-d5","10.1016/0022-2852(84)90250-9","peer-reviewed article; high-resolution gas-phase FT-IR vibrational analysis","pyridine vapor; room-temperature equilibrium vapor pressure","FT-IR; Nicolet FT-IR 7000; 0.06 cm-1 resolution; 400-4000 cm-1; path length up to 10 m",3042.4,,,"nu7b (b2); C-H stretching fundamental","aromatic C-H stretch",stretch,"aromatic C-H",gold,"Authors describe a type-B contour and support the assignment using a type-C combination band near 3416 cm-1."
pyridine,pyridine.hess,wong_colson_1984_pyridine,"The FT-IR spectra of pyridine and pyridine-d5","10.1016/0022-2852(84)90250-9","peer-reviewed article; high-resolution gas-phase FT-IR vibrational analysis","pyridine vapor; room-temperature equilibrium vapor pressure","FT-IR; Nicolet FT-IR 7000; 0.06 cm-1 resolution; 400-4000 cm-1; path length up to 10 m",1583.9,,,"nu8a (a1); Fermi-perturbed nu8 region","mixed mode","Fermi-perturbed fundamental","pyridine ring system",gold,"Do not force to pure ring stretch; authors describe the nu8 region as complicated and affected by Fermi resonance/Coriolis interactions."
pyridine,pyridine.hess,wong_colson_1984_pyridine,"The FT-IR spectra of pyridine and pyridine-d5","10.1016/0022-2852(84)90250-9","peer-reviewed article; high-resolution gas-phase FT-IR vibrational analysis","pyridine vapor; room-temperature equilibrium vapor pressure","FT-IR; Nicolet FT-IR 7000; 0.06 cm-1 resolution; 400-4000 cm-1; path length up to 10 m",1580.5,,,"nu8b (b2); term value tentatively taken at 1580.5 cm-1","mixed mode","Fermi-perturbed fundamental","pyridine ring system",weak,"Authors explicitly use tentative language for this term value."
pyridine,pyridine.hess,wong_colson_1984_pyridine,"The FT-IR spectra of pyridine and pyridine-d5","10.1016/0022-2852(84)90250-9","peer-reviewed article; high-resolution gas-phase FT-IR vibrational analysis","pyridine vapor; room-temperature equilibrium vapor pressure","FT-IR; Nicolet FT-IR 7000; 0.06 cm-1 resolution; 400-4000 cm-1; path length up to 10 m",1483.4,,,"nu19a (a1)","pyridine in-plane fundamental","in-plane fundamental","pyridine ring system",gold,"Specific atomistic description not reported in source."
pyridine,pyridine.hess,wong_colson_1984_pyridine,"The FT-IR spectra of pyridine and pyridine-d5","10.1016/0022-2852(84)90250-9","peer-reviewed article; high-resolution gas-phase FT-IR vibrational analysis","pyridine vapor; room-temperature equilibrium vapor pressure","FT-IR; Nicolet FT-IR 7000; 0.06 cm-1 resolution; 400-4000 cm-1; path length up to 10 m",1441.9,,,"nu19b (b2)","pyridine in-plane fundamental","in-plane fundamental","pyridine ring system",gold,"Specific atomistic description not reported in source."
pyridine,pyridine.hess,wong_colson_1984_pyridine,"The FT-IR spectra of pyridine and pyridine-d5","10.1016/0022-2852(84)90250-9","peer-reviewed article; high-resolution gas-phase FT-IR vibrational analysis","pyridine vapor; room-temperature equilibrium vapor pressure","FT-IR; Nicolet FT-IR 7000; 0.06 cm-1 resolution; 400-4000 cm-1; path length up to 10 m",1218.0,,,"nu9a (a1); simple type A contour","pyridine in-plane fundamental","in-plane fundamental","pyridine ring system",gold,"Useful for distinguishing a1 from nearby b2 assignment at 1227 cm-1."
pyridine,pyridine.hess,wong_colson_1984_pyridine,"The FT-IR spectra of pyridine and pyridine-d5","10.1016/0022-2852(84)90250-9","peer-reviewed article; high-resolution gas-phase FT-IR vibrational analysis","pyridine vapor; room-temperature equilibrium vapor pressure","FT-IR; Nicolet FT-IR 7000; 0.06 cm-1 resolution; 400-4000 cm-1; path length up to 10 m",1227,,,"nu3 (b2); confirmed as b2 fundamental","pyridine in-plane fundamental","in-plane fundamental","pyridine ring system",gold,"Confirmed by difference bands at 854.3 and 626.1 cm-1; source does not provide atomistic label."
pyridine,pyridine.hess,wong_colson_1984_pyridine,"The FT-IR spectra of pyridine and pyridine-d5","10.1016/0022-2852(84)90250-9","peer-reviewed article; high-resolution gas-phase FT-IR vibrational analysis","pyridine vapor; room-temperature equilibrium vapor pressure","FT-IR; Nicolet FT-IR 7000; 0.06 cm-1 resolution; 400-4000 cm-1; path length up to 10 m",1071.9,,,"nu18a (a1)","pyridine in-plane fundamental","in-plane fundamental","pyridine ring system",gold,"Specific atomistic description not reported in source."
pyridine,pyridine.hess,wong_colson_1984_pyridine,"The FT-IR spectra of pyridine and pyridine-d5","10.1016/0022-2852(84)90250-9","peer-reviewed article; high-resolution gas-phase FT-IR vibrational analysis","pyridine vapor; room-temperature equilibrium vapor pressure","FT-IR; Nicolet FT-IR 7000; 0.06 cm-1 resolution; 400-4000 cm-1; path length up to 10 m",1079,,,"nu18b (b2)","pyridine in-plane fundamental","in-plane fundamental","pyridine ring system",gold,"Authors support 1079 cm-1 using a 705.8 cm-1 difference band."
pyridine,pyridine.hess,wong_colson_1984_pyridine,"The FT-IR spectra of pyridine and pyridine-d5","10.1016/0022-2852(84)90250-9","peer-reviewed article; high-resolution gas-phase FT-IR vibrational analysis","pyridine vapor; room-temperature equilibrium vapor pressure","FT-IR; Nicolet FT-IR 7000; 0.06 cm-1 resolution; 400-4000 cm-1; path length up to 10 m",1007,,,"nu5 (b1); b1 fundamental","pyridine out-of-plane fundamental","out-of-plane fundamental","pyridine ring system",gold,"Supported by 634.5 cm-1 difference band and 1707.2 cm-1 combination band; direct chemical displacement not reported."
pyridine,pyridine.hess,wong_colson_1984_pyridine,"The FT-IR spectra of pyridine and pyridine-d5","10.1016/0022-2852(84)90250-9","peer-reviewed article; high-resolution gas-phase FT-IR vibrational analysis","pyridine vapor; room-temperature equilibrium vapor pressure","FT-IR; Nicolet FT-IR 7000; 0.06 cm-1 resolution; 400-4000 cm-1; path length up to 10 m",700.3,,,"nu11 (b1); b1 fundamental","pyridine out-of-plane fundamental","out-of-plane fundamental","pyridine ring system",gold,"Specific atomistic description not reported in source."
phenol,phenol.hess,billes_2007_phenols_review,"Vibrational Spectroscopy of Phenols and Phenolic Polymers. Theory, Experiment, and Applications","10.1080/00102200701421748","peer-reviewed review; compiled phenol vibrational data","gas phase IR; diluted solution IR; DF also reported in source","IR gas phase from Keresztury et al.; diluted-solution IR from Michalska et al.; calculated B3LYP/6-31G(d,p) unscaled, B3LYP/6-31+G(d,p) scaled, B3P86/6-311G(d,p) scaled","3655; 3611",,"3827; 3628; 3655","nuOH","phenolic O-H stretch",stretch,"phenolic O-H",gold,"DF value reported separately in source: 3562 cm-1. Source states OH stretching position depends on environment."
phenol,phenol.hess,billes_2007_phenols_review,"Vibrational Spectroscopy of Phenols and Phenolic Polymers. Theory, Experiment, and Applications","10.1080/00102200701421748","peer-reviewed review; compiled phenol vibrational data","gas phase IR; diluted solution IR; DF also reported in source","IR gas phase from Keresztury et al.; diluted-solution IR from Michalska et al.; calculated B3LYP/6-31G(d,p) unscaled, B3LYP/6-31+G(d,p) scaled, B3P86/6-311G(d,p) scaled","3074; 3076",,"3214; 3084; 3073","nuCH","aromatic C-H stretch",stretch,"aromatic C-H",gold,"DF value reported separately in source: 3091 cm-1. One of five close C-H stretching frequencies."
phenol,phenol.hess,billes_2007_phenols_review,"Vibrational Spectroscopy of Phenols and Phenolic Polymers. Theory, Experiment, and Applications","10.1080/00102200701421748","peer-reviewed review; compiled phenol vibrational data","gas phase IR","IR gas phase from Keresztury et al.; calculated B3LYP/6-31G(d,p) unscaled, B3LYP/6-31+G(d,p) scaled, B3P86/6-311G(d,p) scaled",3061,,"3207; 3076; 3066","nuCH","aromatic C-H stretch",stretch,"aromatic C-H",gold,"Diluted-solution IR and DF values not reported in this row."
phenol,phenol.hess,billes_2007_phenols_review,"Vibrational Spectroscopy of Phenols and Phenolic Polymers. Theory, Experiment, and Applications","10.1080/00102200701421748","peer-reviewed review; compiled phenol vibrational data","gas phase IR; diluted solution IR","IR gas phase from Keresztury et al.; diluted-solution IR from Michalska et al.; calculated B3LYP/6-31G(d,p) unscaled, B3LYP/6-31+G(d,p) scaled, B3P86/6-311G(d,p) scaled","3052; 3052",,"3191; 3059; 3053","nuCH","aromatic C-H stretch",stretch,"aromatic C-H",gold,"DF value not reported in this row."
phenol,phenol.hess,billes_2007_phenols_review,"Vibrational Spectroscopy of Phenols and Phenolic Polymers. Theory, Experiment, and Applications","10.1080/00102200701421748","peer-reviewed review; compiled phenol vibrational data","gas phase IR; diluted solution IR","IR gas phase from Keresztury et al.; diluted-solution IR from Michalska et al.; calculated B3LYP/6-31G(d,p) unscaled, B3LYP/6-31+G(d,p) scaled, B3P86/6-311G(d,p) scaled","3046; 3044",,"3183; 3051; 3045","nuCH","aromatic C-H stretch",stretch,"aromatic C-H",gold,"DF value not reported in this row."
phenol,phenol.hess,billes_2007_phenols_review,"Vibrational Spectroscopy of Phenols and Phenolic Polymers. Theory, Experiment, and Applications","10.1080/00102200701421748","peer-reviewed review; compiled phenol vibrational data","gas phase IR; diluted solution IR; DF also reported in source","IR gas phase from Keresztury et al.; diluted-solution IR from Michalska et al.; calculated B3LYP/6-31G(d,p) unscaled, B3LYP/6-31+G(d,p) scaled, B3P86/6-311G(d,p) scaled","3021; 3019",,"3163; 2984; 3025","nuCH","aromatic C-H stretch",stretch,"aromatic C-H",gold,"DF value reported separately in source: 3003 cm-1. One of five close C-H stretching frequencies."
acetamide,acetamide.hess,cccbdb_acetamide_exp,"CCCBDB vibrational frequency comparison for CH3CONH2 (Acetamide)","https://cccbdb.nist.gov/compvibs3x.asp?basis=7&casno=60355&charge=0&method=16","trusted database; experimental fundamental frequencies plus calculated comparison",gas,"experimental fundamentals plus B3PW91/6-311G* comparison",3550,,3618,"experimental fundamental; assignment not provided by CCCBDB","N-H stretch",stretch,N-H,silver,"Likely primary amide N-H stretch; keep silver until an explicit acetamide assignment table is added."
acetamide,acetamide.hess,cccbdb_acetamide_exp,"CCCBDB vibrational frequency comparison for CH3CONH2 (Acetamide)","https://cccbdb.nist.gov/compvibs3x.asp?basis=7&casno=60355&charge=0&method=16","trusted database; experimental fundamental frequencies plus calculated comparison",gas,"experimental fundamentals plus B3PW91/6-311G* comparison",3450,,3487,"experimental fundamental; assignment not provided by CCCBDB","N-H stretch",stretch,N-H,silver,"Likely second primary amide N-H stretch; symmetric/asymmetric subtype not asserted."
acetamide,acetamide.hess,cccbdb_acetamide_exp,"CCCBDB vibrational frequency comparison for CH3CONH2 (Acetamide)","https://cccbdb.nist.gov/compvibs3x.asp?basis=7&casno=60355&charge=0&method=16","trusted database; experimental fundamental frequencies plus calculated comparison",gas,"experimental fundamentals plus B3PW91/6-311G* comparison",2967,,3022,"experimental fundamental; assignment not provided by CCCBDB","C-H stretch",stretch,CH3,silver,"Methyl C-H stretch region; no subtype asserted."
acetamide,acetamide.hess,cccbdb_acetamide_exp,"CCCBDB vibrational frequency comparison for CH3CONH2 (Acetamide)","https://cccbdb.nist.gov/compvibs3x.asp?basis=7&casno=60355&charge=0&method=16","trusted database; experimental fundamental frequencies plus calculated comparison",gas,"experimental fundamentals plus B3PW91/6-311G* comparison",1733,,1742,"experimental fundamental; assignment not provided by CCCBDB","C=O stretch",stretch,"amide carbonyl",silver,"Amide I / carbonyl stretch candidate; supported by amide-region literature but not explicit in CCCBDB."
acetamide,acetamide.hess,cccbdb_acetamide_exp,"CCCBDB vibrational frequency comparison for CH3CONH2 (Acetamide)","https://cccbdb.nist.gov/compvibs3x.asp?basis=7&casno=60355&charge=0&method=16","trusted database; experimental fundamental frequencies plus calculated comparison",gas,"experimental fundamentals plus B3PW91/6-311G* comparison",1600,,1598,"experimental fundamental; assignment not provided by CCCBDB","mixed mode",mixed,"amide NH2; C-N",silver,"Likely amide-region mixed N-H bend/C-N contribution; do not force pure NH2 scissor."
acetamide,acetamide.hess,cccbdb_acetamide_exp,"CCCBDB vibrational frequency comparison for CH3CONH2 (Acetamide)","https://cccbdb.nist.gov/compvibs3x.asp?basis=7&casno=60355&charge=0&method=16","trusted database; experimental fundamental frequencies plus calculated comparison",gas,"experimental fundamentals plus B3PW91/6-311G* comparison",1433,,1450,"experimental fundamental; assignment not provided by CCCBDB","C-H bend",deformation,CH3,silver,"Methyl deformation candidate; keep silver pending explicit acetamide assignment source."
acetamide,acetamide.hess,kydd_dunham_1980_acetamide,"The infrared spectra and structure of acetamide and acrylamide","10.1016/0022-2860(80)85266-5","peer-reviewed paper; vapor-phase far-IR assignment","vapor phase; ca. 45 C; 20.25 m path","experimental IR; Digilab FTS-16 and Perkin-Elmer 580",258.8,,,"Delta nu_i = 1 <- 0 transition in the amido inversion vibration","NH2 out-of-plane wag / amide inversion","out-of-plane wag","amide NH2",gold,"Authors note that for planar molecules a more accurate description is symmetric out-of-plane wagging of the amido hydrogens."
acetamide,acetamide.hess,kydd_dunham_1980_acetamide,"The infrared spectra and structure of acetamide and acrylamide","10.1016/0022-2860(80)85266-5","peer-reviewed paper; vapor-phase far-IR assignment","vapor phase; ca. 45 C; 20.25 m path","experimental IR",348.1,,,"Delta nu_i = 2 <- 1 transition in the amido inversion vibration","NH2 out-of-plane wag / amide inversion overtone transition","out-of-plane wag","amide NH2",gold,"Line may appear as a doublet at available resolution."
acetamide,acetamide.hess,kydd_dunham_1980_acetamide,"The infrared spectra and structure of acetamide and acrylamide","10.1016/0022-2860(80)85266-5","peer-reviewed paper; vapor-phase far-IR assignment","vapor phase; ca. 45 C; 20.25 m path","experimental IR",377.7,,,"Delta nu_i = 3 <- 2 transition in the amido inversion vibration","NH2 out-of-plane wag / amide inversion overtone transition","out-of-plane wag","amide NH2",gold,"Part of a doublet; stronger line assigned as pure inversion transition."
acetamide,acetamide.hess,kydd_dunham_1980_acetamide,"The infrared spectra and structure of acetamide and acrylamide","10.1016/0022-2860(80)85266-5","peer-reviewed paper; vapor-phase far-IR assignment","vapor phase; ca. 45 C; 20.25 m path","experimental IR",506.6,,,"torsional motion of the NH2 group","NH2 torsion",torsion,"amide NH2",gold,"C-type band."
acetamide,acetamide.hess,kydd_dunham_1980_acetamide,"The infrared spectra and structure of acetamide and acrylamide","10.1016/0022-2860(80)85266-5","peer-reviewed paper; vapor-phase far-IR assignment","vapor phase; ca. 45 C; 20.25 m path","experimental IR",548.0,,,"vibration in the plane of the heavy atoms; probably deformation of the angles around the carbonyl carbon atom","heavy-atom in-plane deformation around carbonyl carbon","in-plane deformation","C-C(=O)-N framework",silver,"Authors use probably; do not force to pure C=O bend."
acetamide,acetamide.hess,kydd_dunham_1980_acetamide,"The infrared spectra and structure of acetamide and acrylamide","10.1016/0022-2860(80)85266-5","peer-reviewed paper; vapor-phase far-IR assignment","vapor phase; ca. 45 C; 20.25 m path","experimental IR",608,,,"Delta nu_i = 2 <- 0 inversion transition","NH2 out-of-plane wag / amide inversion overtone","out-of-plane wag","amide NH2",gold,"Reported as band near 608 cm-1 with B-type contour; shifts to 433 cm-1 in CH3COND2."
acetamide,acetamide.hess,kydd_dunham_1980_acetamide,"The infrared spectra and structure of acetamide and acrylamide","10.1016/0022-2860(80)85266-5","peer-reviewed paper; vapor-phase far-IR assignment","vapor phase; ca. 45 C; 20.25 m path","experimental IR",725,,,"Delta nu_i = 3 <- 1 transition may also be seen near 725 cm-1","possible NH2 out-of-plane wag / amide inversion overtone","out-of-plane wag","amide NH2",weak,"Authors write may also be seen; keep low confidence."
aniline,aniline.hess,ilic_2000_aniline,"Adsorption and Polymerization of Aniline on Cu(II)-Montmorillonite: Vibrational Spectroscopy and ab Initio Calculation","10.1021/la000534d","peer-reviewed paper; experiment plus DFT assignment table","liquid Raman; liquid IR; gas IR reference","B3LYP/6-31G*, scaled frequencies","1626 liquid IR; 1618 gas IR",1628,1627,"NH2 sciss, ring str","mixed mode",mixed,"NH2; aromatic ring",gold,"Mixed mode; do not reduce to pure NH2 scissoring."
aniline,aniline.hess,ilic_2000_aniline,"Adsorption and Polymerization of Aniline on Cu(II)-Montmorillonite: Vibrational Spectroscopy and ab Initio Calculation","10.1021/la000534d","peer-reviewed paper; experiment plus DFT assignment table","liquid Raman; liquid IR; gas IR reference","B3LYP/6-31G*, scaled frequencies","1604 liquid IR; 1603 gas IR",1603,1608,"ring str, NH2 sciss","mixed mode",mixed,"aromatic ring; NH2",gold,"Mixed ring stretch/NH2 scissoring."
aniline,aniline.hess,ilic_2000_aniline,"Adsorption and Polymerization of Aniline on Cu(II)-Montmorillonite: Vibrational Spectroscopy and ab Initio Calculation","10.1021/la000534d","peer-reviewed paper; experiment plus DFT assignment table","liquid Raman; liquid IR; gas IR reference","B3LYP/6-31G*, scaled frequencies","1497 liquid IR; 1503 gas IR",1512,1503,"CH bend, ring str","mixed mode",mixed,"aromatic C-H; ring",gold,"Mixed CH bend and ring stretch."
aniline,aniline.hess,ilic_2000_aniline,"Adsorption and Polymerization of Aniline on Cu(II)-Montmorillonite: Vibrational Spectroscopy and ab Initio Calculation","10.1021/la000534d","peer-reviewed paper; experiment plus DFT assignment table","liquid Raman; liquid IR; gas IR reference","B3LYP/6-31G*, scaled frequencies","1264 liquid IR; 1278 gas IR",1279,1271,"CN str, ring str","mixed mode",mixed,"C-N; aromatic ring",gold,"Mixed C-N stretch/ring stretch."
aniline,aniline.hess,ilic_2000_aniline,"Adsorption and Polymerization of Aniline on Cu(II)-Montmorillonite: Vibrational Spectroscopy and ab Initio Calculation","10.1021/la000534d","peer-reviewed paper; experiment plus DFT assignment table","liquid Raman; liquid IR; gas IR reference","B3LYP/6-31G*, scaled frequencies","1175 liquid IR; 1173 gas IR",1176,1176,"CH bend ip","C-H bend","in-plane bend","aromatic C-H",gold,"Explicit in-plane CH bend."
aniline,aniline.hess,ilic_2000_aniline,"Adsorption and Polymerization of Aniline on Cu(II)-Montmorillonite: Vibrational Spectroscopy and ab Initio Calculation","10.1021/la000534d","peer-reviewed paper; experiment plus DFT assignment table","liquid Raman; liquid IR; gas IR reference","B3LYP/6-31G*, scaled frequencies","1153 liquid IR; 1152 gas IR",1155,1156,"CH bend","C-H bend",bend,"aromatic C-H",gold,"Generic CH bend."
aniline,aniline.hess,ilic_2000_aniline,"Adsorption and Polymerization of Aniline on Cu(II)-Montmorillonite: Vibrational Spectroscopy and ab Initio Calculation","10.1021/la000534d","peer-reviewed paper; experiment plus DFT assignment table","liquid Raman; liquid IR; gas IR reference","B3LYP/6-31G*, scaled frequencies","1030 liquid IR; 1020 gas IR",1029,1020,"ring def, ip","mixed mode",mixed,"aromatic ring",gold,"Ring deformation, in-plane."
aniline,aniline.hess,ilic_2000_aniline,"Adsorption and Polymerization of Aniline on Cu(II)-Montmorillonite: Vibrational Spectroscopy and ab Initio Calculation","10.1021/la000534d","peer-reviewed paper; experiment plus DFT assignment table","liquid Raman; gas IR reference","B3LYP/6-31G*, scaled frequencies","996 gas IR",997,994,"ring breathing","ring breathing","ring mode","aromatic ring",gold,"Strong Raman benchmark row."
aniline,aniline.hess,ilic_2000_aniline,"Adsorption and Polymerization of Aniline on Cu(II)-Montmorillonite: Vibrational Spectroscopy and ab Initio Calculation","10.1021/la000534d","peer-reviewed paper; experiment plus DFT assignment table","liquid Raman; liquid IR; gas IR reference","B3LYP/6-31G*, scaled frequencies","792 liquid IR; 809 gas IR",803,810,"CN str, ring str","mixed mode",mixed,"C-N; aromatic ring",gold,"Mixed C-N stretch/ring stretch."
